-- phpMyAdmin SQL Dump
-- version 3.4.10.1deb1
-- http://www.phpmyadmin.net
--
-- Host: localhost
-- Generato il: Feb 08, 2013 alle 15:54
-- Versione del server: 5.5.29
-- Versione PHP: 5.3.10-1ubuntu3.5

SET SQL_MODE="NO_AUTO_VALUE_ON_ZERO";


/*!40101 SET @OLD_CHARACTER_SET_CLIENT=@@CHARACTER_SET_CLIENT */;
/*!40101 SET @OLD_CHARACTER_SET_RESULTS=@@CHARACTER_SET_RESULTS */;
/*!40101 SET @OLD_COLLATION_CONNECTION=@@COLLATION_CONNECTION */;
/*!40101 SET NAMES utf8 */;

--
-- Database: 'testwalibs'
--

-- --------------------------------------------------------

--
-- Struttura della tabella 'allievi'
--

CREATE TABLE IF NOT EXISTS allievi (
  id_allievo int(10) NOT NULL AUTO_INCREMENT,
  id_corso int(10) NOT NULL,
  nome varchar(50) COLLATE utf8_unicode_ci NOT NULL,
  indirizzo varchar(100) COLLATE utf8_unicode_ci NOT NULL,
  cap int(5) NOT NULL,
  provincia varchar(2) COLLATE utf8_unicode_ci NOT NULL,
  citta varchar(50) COLLATE utf8_unicode_ci NOT NULL,
  codice_fiscale varchar(16) COLLATE utf8_unicode_ci NOT NULL,
  dataora_colloquio datetime NOT NULL,
  flag_ammissione int(1) NOT NULL DEFAULT '0',
  flag_promozione int(1) NOT NULL DEFAULT '0',
  nome_file_curriculum varchar(100) COLLATE utf8_unicode_ci NOT NULL,
  curriculum text COLLATE utf8_unicode_ci NOT NULL,
  `password` varchar(10) COLLATE utf8_unicode_ci NOT NULL,
  PRIMARY KEY (id_allievo),
  KEY id_corso (id_corso)
) ENGINE=InnoDB  DEFAULT CHARSET=utf8 COLLATE=utf8_unicode_ci;

--
-- Dump dei dati per la tabella 'allievi'
--

INSERT INTO allievi VALUES
(2, 72, 'Monti Fabrizio', 'VIA RAVEDA 465/Mno', 45800, 'BO', 'San Pietro in Casale', 'MNTFRZ64P22A944Q', '2010-10-01 21:33:00', 1, 1, '3196.pdf', 'JVBERi0xLjQKMSAwIG9iago8PAovVGl0bGUgKP7/AHQAbwBkAG8ALgB0AHgAdCkKL0NyZWF0b3IgKP7/KQovUHJvZHVjZXIgKFF0IDQuNi4yIChDKSAyMDEwIE5va2lhIENvcnBvcmF0aW9uIGFuZC9vciBpdHMgc3Vic2lkaWFyeSgtaWVzKSkKL0NyZWF0aW9uRGF0ZSAoRDoyMDEwMDcxNTEzNTEzNSkKPj4KZW5kb2JqCjIgMCBvYmoKPDwKL1R5cGUgL0NhdGFsb2cKL1BhZ2VzIDMgMCBSCj4+CmVuZG9iago0IDAgb2JqCjw8Ci9UeXBlIC9FeHRHU3RhdGUKL1NBIHRydWUKL1NNIDAuMDIKL2NhIDEuMAovQ0EgMS4wCi9BSVMgZmFsc2UKL1NNYXNrIC9Ob25lPj4KZW5kb2JqCjUgMCBvYmoKWy9QYXR0ZXJuIC9EZXZpY2VSR0JdCmVuZG9iago5IDAgb2JqCjw8Ci9UeXBlIC9QYXR0ZXJuCi9QYXR0ZXJuVHlwZSAxCi9QYWludFR5cGUgMiAKL1RpbGluZ1R5cGUgMQovQkJveCBbMCAwIDggOCBdCi9YU3RlcCA4IAovWVN0ZXAgOCAKL01hdHJpeCBbMC43NTAwMDAwMDAgMCAwIC0wLjc1MDAwMDAwMCAyNCA2NTYgXQovUmVzb3VyY2VzIAo8PCA+PgovTGVuZ3RoIDEwNSAKPj4Kc3RyZWFtCjAgSgoyIHcKWzIgMl0gMSBkCjAgMCBtCjAgOCBsCjggMCBtCjggOCBsClMKWzIgMl0gLTEgZAoyIDAgbQoyIDggbAo2IDAgbQo2IDggbApTClsyIDJdIDEgZAo0IDAgbQo0IDggbApTCmVuZHN0cmVhbQplbmRvYmoKNiAwIG9iago8PAovVHlwZSAvUGFnZQovUGFyZW50IDMgMCBSCi9Db250ZW50cyAxMCAwIFIKL1Jlc291cmNlcyAxMiAwIFIKL0Fubm90cyAxMyAwIFIKL01lZGlhQm94IFswIDAgNTk1IDg0Ml0KPj4KZW5kb2JqCjEyIDAgb2JqCjw8Ci9Db2xvclNwYWNlIDw8Ci9QQ1NwIDUgMCBSCi9DU3AgL0RldmljZVJHQgovQ1NwZyAvRGV2aWNlR3JheQo+PgovRXh0R1N0YXRlIDw8Ci9HU2EgNCAwIFIKPj4KL1BhdHRlcm4gPDwKL1BhdDkgOSAwIFIKPj4KL0ZvbnQgPDwKL0Y3IDcgMCBSCi9GOCA4IDAgUgo+PgovWE9iamVjdCA8PAo+Pgo+PgplbmRvYmoKMTMgMCBvYmoKWyBdCmVuZG9iagoxMCAwIG9iago8PAovTGVuZ3RoIDExIDAgUgovRmlsdGVyIC9GbGF0ZURlY29kZQo+PgpzdHJlYW0KeJztXdtu20YQfddX8Adic3kRKaAokDhOgT4UCey3Ig+B07QImqJpCvT3S0l2RO4RdWYnsxS5UYI48opc7mXuc3Z4/dPdu+z3L9n1zd3f2cPj/zd3q/yqqfP9n2z791m/oaiy1rXZw6fV5+zz6s3qTfdz+9ftLt3/7L586nPfw5eHv1bX+6etXtyvrl81mSuy+w+P1z/b/3f/abX93H3xPvuhe5b7Mbv/uGq33+wbCr+h3DVUh4aKXlH7V6z9Bnjs/orb+262VvMsq8FMm90T6sMjW38MG78BrnjuzxQ6fbFrWPtXmE6sKRxu4eMTxrvsnltebarN9k+27WTTb/hz23CV734bb6+u8j2R7tuHDfnw146i868UfeKb/rO8X//IPvBJ5VVztdl29zSpQ8Nw8OPt7f7z06T6Dfnw1+HQT31zeJb369OkbGihqra0kK/dEzXc7KihORDgy11DeWi49an6lU/VwNC0weWMd9yeTJ07MRDo1RdGrvQm4ypvunAFMjE8xRdXbs1EhWv8TmEuIBn8BhwpHxgdB17Bl92B3OND5Vri/OJ2yGSdzOy4rGPSpq1KVzZFtv1c1fmmzcvd57xu26Kss7ubXzqe/S8rsp+7fx+zX992t7/viyFBJ8DArVwbN/46N/469xp8BnhUvr2Gtd/Q0E5b+pRN+Dieh4/jBb0FFgiWEAQi3PKSPuWWLhDc8oot0KPI7DXA0P31cDB0v8HBLfBYeIo/ORiYYNU5wcAtcAVdZJw+5wYYmL/ZgjX1KRmXEOjUb4BtwL3tmXFDyVWuU5BczhdDsPAOyAwafBHCKQL2ynFS5ezPxSGXXEAisIS+CBGsGCwQTB+2gRPzRejOU+gCBXGxzFUuDJ2zGF0gE7KEVfd5TrPIdC4OrBaFeoBbYJFh+pyCqHSYDZ1STe9A5PCBweRGrvDjIsYasGjkmgcM8XDNozCBcBw3Y5bGOglLQyD1QLVQIhYoDrgFBkbVEzpNnHcMFNiCDC2+yHxyMHSufPjAYLZ0K5ds73JlzI0TLrk4N4A3Z2HOUVWLupcLAwVnc9IOtwEELjO3zKEP2oADg9lSb39cb7VJxPYWzDIab46zXQzz3cFILaxkhS3O7QkeIKB+BfrycAV3mYExocGCgsJVHadCHBh4czwuN1e3SuGqopHCaUwRDTpTEIqTNl0PAWcr/F8D0kbO5n7AxP7vXI1XhU00X9edalHBwBQOkkLzcCecxzOpx2ShRdEN4wE9Kr4VAs1xcRUeaUQmpPQhiHiGB9E1CUJfmxfwWIUrx10oGBgfKQ8nceuX02l4BApS/wI3rKc1hk6Wc2l4WVSBC/wwA1tMERDAK8KtpALIihPNJHEqwVy4voRbQOzA5G5H6b1IIxqucM1hK2DleeaVh8gUTiKHVVAkhiCWCcYej9tTMwyl92Kivwrxx3dOIBDAOQOJySUEt5jgFoPNFqh7f+gFTysvjWCOydQqCRviIlOXIlPPBJcND95dJOYUEvOs5HBMHtYXG/MiD5VMhBzhz7agDlLh03vhD6yAW3zyLvzcP3bqGyZwy0VAXgTkUQHZpGEw8mBPeBbNIk+viKlq5hIeUecjFQhIGsgTBIzCVwzNUvrYM0E/xuZyjBHbJCwVzdGdcOiSRZCFA1WQI7jbwTPxNNPJU9Ga5P1czzXi7nNZRoEIyP/UxuRUyG9BaWeAzBekHKAPnoEG4jcAJU6jHgXoUa5ReUo6nBw0GHeaLbWwynnqUxNg4aCscHSUQI5xCJriXPS0SB6BMQJiQnF8KxxlrYBMi9OMRysGzNTkqdc9mweQ93MRphY2vkBkU4NdYDmHW9+CgSngiHRfELzA4d18pFGgt+EwGs25C+4k82BdFL1IRzqN7WWi0mebRJlEUWlAwuGw6nPAd7d65IDftaBYLp64MKbHDTTZNQOnTUAYij5mwlv+2arr118JblO0Tbt2VTX6+fr1u383A7I7ZkZlrs46iut+/vPb6gNaW9VMra3ASG+49SWIbMJ20eCQQJxyd4dHJbiWtzAcQcvzucCK0UAXDswgz2dxME5znmYxCxQFjot+hELL8wiLPI1VrJNIY/FTHiZJKr4VPIZyHofNMNoTwv+CwnlclPNzMdxvDkffa1wpvpWKunDcCQ6XdgrRJXAMuFy2WEKLoIAF4SqO0YVjSRRkiaFGxaHWalRhNGlYwzwaBbsXpT7BJFUvLIpcCAykcJtKoJYoeAAwXAIEHw8YUJ5BLJlfWhAQaxos2Vy9JY3ktqjFocieAfjw5ahw26RhDcdwXeIUL4tygDkc5JpSyVcIwWBDjMPpApvboAhqHEQTlakoIEHpQAMXkNNgJ7gi/765IUqtlZRIavwkcpmn4QwoMO3qAgYhHGFhZGEmGubCSwKELxAPJynKeSjC2gLIFp8cj4Rx7v6upK4AWWmAvBfcYoFDsCA6Hm2lgF9Bg8K/5FFfqlEtSj0JjiYoTB8L78IiTRgfMTEoeDZb5Fm4lATGKaj5xs+fCGJ9PEAMePyU5fkJEzCNl8Bozo6FvwVIE3bhmc2lkdUxKqqTCLyZ5KbCS3hbCHzDN0V9m7V1ntqoGqOG+0AKZyTcUtIcN11MaE6Tug33XjUsRotAKErvx3x/W68hnMWmsSCRCi0c73CoqyCWE37cQVN5ZBS2VabxQpzlHHoWO3knuJtLCA6XPJfImCbtwgU1BzHbnec4xneJvNBjGrhkQvBggc60qLWcEMAcj39anGEPB3bqS00HkbbC0YtRaccCpjj+OqNyk4TZMdtgj4b/Zx7s6XXKcSkGhcIEwo0fZl7MIo+XRaoSKRLOA1dcSMJCR7F2uKC1QL8D8fI+6PQVmkiDW+ZvDeBbqShGya1hXp+IWypRThNNAu4Q1DdVnE3nrhyPQPNyVePiL4163klVUrM4pa8oIjLb6B5HfMR4Kx4vrTqbBRoNf1aJVKee5Ei+QiMKuNsipaR4f2f4u3g0QYVwK9Tk9bYWKUeeQuGcSUM5UVZsPOxQJVJrea7sHocBoA++QP4JuonOHCu8DK6Zl2uHFHBLjPXQFFWDPtQnm0/JZUUJG94pP1AZXsJTU5VwwSgWi4N/oHS4U2IRppsEORZTjJ8Nu6yACEc5VCpIvYSrZoucocAl5vWBeCxGfiiszmdqrQ2q086mGG34W1tMTtpzTLwCanUmgNtoFLCea6Hki+NwQuMoPGeLVxbzWveK5FSMGpncCRJHznsN1OoVvPdbkXo6k460yJvQI3xYm4R3qih2q6jkxmEj0xRwjgHlN8EI822YOSSg10C3QYyqmswLiFKdS5GyUuT0lxP3GU2v1N9c8djrL40io9O8FYJbboJ3QwKHK8pmWaBVuBnG8Sz8JJKFP8RtCMXBEm66hLthAiOLW+WKgN0kOSCF7S/oQ/GmVMWK8Uq/Fs5v+FtDBnm17M3qf2HqueFlbmRzdHJlYW0KZW5kb2JqCjExIDAgb2JqCjI1NzYKZW5kb2JqCjE0IDAgb2JqCjw8IC9UeXBlIC9Gb250RGVzY3JpcHRvcgovRm9udE5hbWUgL1FPQUFBQStEZWphVnVTYW5zCi9GbGFncyA0IAovRm9udEJCb3ggWy0xMDIwLjUwNzgxIC0zNTAuMDk3NjU2IDE2ODAuNjY0MDYgMTE2Ni41MDM5MCBdCi9JdGFsaWNBbmdsZSAwIAovQXNjZW50IDkyOC4yMjI2NTYgCi9EZXNjZW50IC0yMzUuODM5ODQzIAovQ2FwSGVpZ2h0IDkyOC4yMjI2NTYgCi9TdGVtViA0My45NDUzMTI1IAovRm9udEZpbGUyIDE1IDAgUgo+PiBlbmRvYmoKMTUgMCBvYmoKPDwKL0xlbmd0aDEgMTgzODQgCi9MZW5ndGggMTggMCBSCi9GaWx0ZXIgL0ZsYXRlRGVjb2RlCj4+CnN0cmVhbQp4nO1be3Bb1Zk/R5Lt9GQT4sSPEibtsU0eLsIONo6L03ZRbMVRsCVHku04oYmvpStLiaQr7r2yY8IQuoWkoZ1SCkmhMS5N+YN1WdqBbhunr023hZTQzrQMs9Pp7HQL2+m2w7YMnZ3hESv7ne/eqyvZSnAeBHZmrcg699xzvsfve5zvfpEJJYQsIvcQJyGBUHPLW3XqEpj5ArwHRpMTscafen4A4/+ERc/FZSkaW++TCfnQUzC3IQ4TSz7OXoVruE+uj6f0ffpNS58ghC2C63hSiUjX/eO1X4frjFifkvZlyCqyAa6fhGuellLyR+O9k3B9mpBPLiLUtZR+iZQRUtZa9igh9CPGp/PfSMyxnBDH4nKnc5HL4XD9kTSd+zWZPcdcw41AifTFvFFyK+HnzpVX5aroVytS9NVhQs/97py4SxwkljvqipU9AVpWELKisq5ydV1lXcxFzmrO687+IXe0Yumbb6jljYSS3xPi2lH2MmGEtNdVlrWtbq2sq67L0a25R6n8At169olpl7blxJa3X56G1VPnXnFFYfVqoArLKje0b2itqa2praoorytfu2ZtG1y01rRvaF+zdk1DfUV5xb87r519/IYbb7jx7S8/SI8ezf1193BkdMfw8N6nYlFKo7GngoFt4bKXp3NfvmZRBf3c4T+/ce9BWrmMn2mp/TC9fefksdt3Ll+xGjiTc5sczwBnsBttpQ2ORdOzb06XvfxWCu4Buq443CtHqWgDrXvS+S+zr7xEc7OtZS8PvP2Zshtg1VFYtbXsdXI9IatB9jaQHV+WqG2mMtWgjHjRw45TZ3vU08+1SmtXUxrsv293Yu/4xN7E0H/df399w86V9x2cnp4ee+H5jcnerVvHem6rq+t8cf3Ka6mWPXV7MJRZdf8XwBIHAbEHgOs15KMgOfBZ4aitaQeIKpcBXi21NZXLKsrXAnYrHO0bHJ+f9PdR2uefnOzz+/sm3z54770H334HIKEH7y3re/RY7he5Fx85RumxR+jNtPXYo48/dzp3KHfoudOUnn6OTtCJ08+Bpu3gAm+UTZFq4CisWVkFVmmtbqhfu6atsqGttZKO0/25+9Zcr//why9v23boUNlU7icPzD5+eO3ar/YFfu0YfoB+SnjRHSB71rXflr1aEGoxMBOyr3AYslcuA9m1I/0DA/1HHhrop7R/4KHXD3+OgkFff+PQ4cOHnL/T9J//XNN17efPZ7XHJidzr+X+e3KK0qlJuoJWTU6a3HaUV5EqYSFa2QqSghXW1hvkW4EdNdm33WyYzHn8xImNg0N3nTlwzz0Hztw1NDh7Ohx86MH+cLj/wYeCYed3Hbveeu1JubmFHj9OF9FFx4+vb8nVnBFinHkhq2lZwOq3wOtpkhN+1Q4Q/fall3I5mCIbwVsmXMNkMVxQcCnxr5VSVzS3l07/Jncyd/I39Nmc+hvaSBtdw7O/mz1FT+S2OLY6anJ30AcEes3C30CfWnKd0KcBorBBoN92M2gjrAF4VlMYuLbO5Cpmvv3twf7vzHw7unotfWtmxjX8zuPOX51tdv7qAf93hwYfXdc4GqHP/ElIdgp+TQBdkHgFgHTqxInyqrdeExwzgOABsNdK0gBrquvAmduFtaoFjhxcDHBsBxwrLJd3HTj7zOJ47HsJOTISHU3syf3t2BQ98vDZV+79h+85gqHPHdu5a4lj144fj8h05bVtT3+sppZOTlJGl3/jcfrgl3/6lR07Brc/Jji/Dvz+1dVg5BuBYyW8X3/pJYGmqyEHUp8ENKKIBmIhJACpqmHYKrJIO8jqip6gn/zUXUf7B2ZmNu3YPnYqEnE8MXu7Y2qqL0B3DX9j9lB51exUtPUmSsf2EYNmxSrQ92NwYdKoBYI327RhuNZiU23Gt6vRO7z7s9/avYvO3HJL9kvB0MwtHWNfhI+ZTw0N3jkx2O88fNfGDkon9r8imD8e8BvMHVPH/T3UGLuGn4613ATSgu4nAfUnQLNr0G9NaK1IEXK1mlHeIDKkgMb5B8gmwkPRW4OzD3QMbd//4j0HDtzz4v7tQx0zM45mdM8X0FUdwUjL+uPHc2/m3gQ3bmmWnwRmwNf2gwrDEwTm4A0nTgjnKa/6EyCUOfeq84+AUJ3wBwvzKjNHC7cQOaESMo/wFecfIecEno3Az7MByD+9wdCncw8foY8coRX92/pcbU99rLaaZtRf/DKj0toq9/T1y5d/7Wt0Ka2ceowuWyFkOpkbcD0B/DCGV+dRLwBgHkDazEyR+o6WA4Hz5OzT5Wy6GAH6WgE8hh84twLXagP/eRavdW7lDWtueCwYBl6fvv3gitqaVc7vLP9QhTiBfjT7jGlN6nJh1gMddmDWuxnoWR5kilsLatTVWyedyEWYpMrtJFXb1uo8Hgw/fGRbKLTtyMPh4IkD9+TeGekf2NbX5w/9844dHduH7vrl3fDzy7uGtneccHzyeSVFaUp5/nQqnU79Off7+79wzZKPPuuurt6968c7Ize1YJZ0UefUYze1jEyDhHeCx90IEi4ROcbKy+JMaW9rN7MmCNS2BgSqazOtbhxvIJ/jR//RP+C5VXn00zvpiRN/v2v3oX+Kxug9d79DHTQY/srwzttD0eFdO/+2b5+jtbV1/8gtGylNJ7/T2DP7menYehBmZPj4D4eHl9/d7aU1tU3Ta6tW3H03sSIcpCoR4dULjnAwRT7Axakv3n+57tz3d1/zif8Rhdv8n9xAxSqIAipOf/MH9lSkcqsIWUpy38x9s2IVUir8Wen6BYmV1ZLfw3vK8QxUYLXkSXgfhfchZwNpd/2B3FFWRe5wfJ781vUDsrGMkWbHLeSU6zWYe4a8XracnKw4Q07CmpM4H8P1J51bce4OKNn2izXAq5q4SYKMk/vJz8g5OEZ20CP06/Qn9C/0HcfHHT6H5viu4w2ny/kJ57hzyvlXV4crYuq+krSBtU2N5v2shEPamn+EtphjShbTV82xg7joW+bYSRY7asyxC8Yd5riM/J1j2ByXE+b4rDleRCpBT2O8mKxyWjIsWf7Yuh3meCm5eeOIOV5GFm/8ljmuJK6NPwOO1PUh2LYeuYsxJTX0jDl2kEX0r+bYCfM5c+wiNY56c1xGPuzYbI7LSZUjZY4XkXrHF83xYtLh+Kk5XrK6w/kRc7yUxDveNMfLSM3Gr5jjSrJo4/dJJ1FIhkwQFSwzSuJEJ5ysIxHSCJ8tZD28WmE0Ais42QRrdKLBWyUykUgK7MmJj6RhfROMPCQJL06CeVoaXsnwKcOeMfgdhZVsAVw35LmGgdMY8NoDe9KwWsghwZ6L49gFoz2wb4BkYUUE1kpITcYdEmrEgUoafmdgzQjQTcA6DvsV4C7hPXg26FQyE2piNK7zdZFG3rJ+fSsfmeCbErqmq7KUcnNfOtLEPckkD4pVGg/KmqyOydEmNm/rBrE1LI2l9ijpUb5Jip9nY5e8RxrI8khcSo/KGpdUmSfSPJMdSSYiPKqkpEQaJCtWMYQKajBtbA5JabjYBMooZC8MFGXvwrYsZM0Aoq0BRgoi2AKYt4IVyYCsagklzVuaWtcXk5pDqBSvGFIzbKqbHmfxjSlpgEgHxAnaXQerdcAp0Az2MmiMAY0m2KvApwqWlJGeijZvAroy7CFxXc90NDdHgehYtklTsmpEjinqqNyUluH25gIJLB+x/HR+NIh7wu9k9F0ZPEiBbNeInnpl/E9Q6oY7E7AmjjsTcC+Deuno6wI1FXeI6BBUx+YgOVcPO76yRfF1Pm0YvErpbviABKNC1OZHOiM3XsaLLSh7XPmcVdrets4JuMNwpOOM8MIUYr0X5hSwwLvJIjTrQ3oppGZHUwJliuM92dRrFLmkTau7Tbsb1jK4GT5m+Lsb5VLQ+mncnzEj1uCgAFXd9LGE6QUS0jCQZiZNHaWY608RXCf80KBuURCrDdkNX5Yx4A3fqy/wknq0nNgbxU8N5YrAHsnUj2EURMBDU0hFxzsWPjEYJc1IWpeX0eYgspaQXwf/NbxfcLQxETMZjJoocIjgbkuaKGqgo6+NwF0d7xo82AU4uM1ojoBkWaRiYDKOPhDHrKSbyKRwrlAjSwe1yCsNabOIobvAOmKcQnsatmYFGUSD3e7z6OHO69mMGYQjZSMeDNoJE9Vi619Yaws5Q9pM3qN1lMv2OlujccQjtSAOVjTEMKunTQ3lAo5R/C14uWATILEHVkSQnrHGsp/w46SZ2SwLRZB3FCVOmJJ2YHSGTekkoKhgZrBtUJiLbATmZ4I0rNfNaNCK1lqxYiNWmAMK93HUWULJGebmYl8z0DDOEukC9lTwFOSm7VP4aeePhdhCx5NInKySqVFTEVIX2iswmTDWAoO7wDyGMkZNT0qin6r5GUNSgWm0wOaFXmedoBKeiAnMGUm8YnmNoiipsFe6AI3RonPV4GTlUAm9x/Bdi8dcfLR31cmSkpka2B4moY0WLkExn7l4lJLNbdo7ifsS58nmLG8dFfOshHnFpmvNaHmPtOJl7ukhm3lORi0sTuOoVRT315c4D+vzes/dweCeddrWF3iZETM9c86XEYx3pUDWrBkHlp+Mwd1ECcRksg9xTpuRnIGXcXpJmFHl/I5CuxsyWzOsZKTEMcNz/NRMGWX0pPP5iZXrSuXuKJ4EabR7IV6lUGUFyBXa8FJjVcOsaZ3VdrRZkSQqh2S+9lDNHcUUM+jRe+H3qGkx4zwUXsXyWfW9zFTn12rEjBHdPA9jeaS2EC/yCRA/XAk+AbgKk0GoI4N4zwdzHOq4INwZgKsumO1Cu3jwjrhfj9E4CGNBMUD6kZZBIwi/Be0hmBG0OV6Lq9tgvR9oib1esh15eIFaCCQLwFjQ7oXZHvj0muvEjk6Y6YdrMe4mogo1+PlhVxhjR+wTshiShmHe5loslQ85WpL1wlUQ6G8x73qAtg/pCfndWB+Jsd+U00AuiNQFRoKyoNkJEvXglZjth88+WBdCPD2osyGtH3XYDPcNXbwogWEJQ6JO+OwD3mJFN8gVRhQEp7C50o12FPp04X7B9TZcZUgWMK0sxjaVJhNLQw6B/0Cecwj174EXR/3DMBNG23iAvkXX8p1upCDkZohGP+rnQRwCyGETrhMoCjx78h4XLLBKJ+Il7CYk70JOHkQkVFITi1qhdUp5B8tz6Eb9vIhUD64OAY5eWO/Lzxj+6ENdO02sDZqG3xs+0VOAbifqKCy7Dbh6TZ/yIHbFWgg7DaL8thaGBTzm784CzGzr+03rWvKEkXO4BCqDGIteXOVBW4fyMbIZ47fXlLw/72F2Dug3/TOQl6wYXyuOrHULyR0GLYt3sQW70J96TAlDeTSMFewCdI3c5YVzLYLPOXo+bxef3IVVo12NFtad7oJcW1gJGFm4G9em5qyzZ42nJePMsp91Cmu3Uk/Y1tOxUctbVa9dfRi523gmKqx6o1ifGzWglq9KFKwDlXxlMo537TM9Y/ZOlKLnPMFZwrPfnedlnUU2LaOulLBaENy0Emie/4Ri854MM3jeG1zGcayblYnQL2uuFfN3znkatvo/823AS9rA0qVU5VCIv4r2zpjPUglEWNSTTSZdlVjPZTYmAgGj75aaY3Xb+wS1DjK3qyAwGC2QPIpYM2L08ARPhvnK6nG9/12nK92z/iD1g1hRP2hu5fXe9YNYyX4Qv8r9ILagflBxJR8pkMnudVgrF9ZBLdVhYe9bX4nP6yux/+8rFfSV7A7D/82+Eis6Yd+/vhIr8bT2QegrsZJ9JVujq9NXYhfoF1ydvhIjF9tXsv/X6Ur2lex4K+4rne/0PX93yXg+NyqJD1p3iZHi7lLp7sbV6S6xC6DLCxD8YHeZGPrY/Grm6neZ2Ae4y8TmdJnsZ92r2WVi79pl4lety8QuosvE37MuE0MMBoDqVpTWQNsD969e74iVtPn71Tti83pH/H3rHbHz9o7sHtB73ztiF9E7uhDd97Z3ZGXW858o8zs+7BI6PoVdmivZ8WGX1fGZ/8x2aR0fVtDxuVDf4Up0aPR59G8ldqeBIR9x1UTIZvyClviqmviyW/77cXydJst8RE4q441NfAFfbGvi3cmJTFzjiVRGUXU5ymOqkuIeVR4zvwRm8cAv0mWNL9IVsmHM5j4gqxI3RMt/G4/deMEfNv97ewv+yh+fwzmhMYnrqhSVU5K6lyuxuVQY65PVVELDL80lNB6XVRl4japSGlR3g+6gFmwDxNRR2c11hUvpCZ6RVQ02KCM6IJYACCQeAaEZrNTjsoVTJKKkMrBcLNDjQB1QltMaoFePkNQ3ArEolzRNiSQk4MeiSiSbktO6pAt5YokkGGmdoIgbeEiJ6eMAf30jSqLKGVWJZiMykokmQLHESFaXhQysaIMbzBxJZqNCkvGEHleyOgiTSpiMBAfVgBLIZjVYL9Rx85QstGboIFrcXcDDLXg2KyrXZLADrE6AqKb6c1gL4YBsRgCtMwM6ZDQeB8eat0GYIZZV08BQxo1RhWuKm2vZkT1yRBczQr+YkgRnEwpFlHQ0IfTQOhgLAzlpRBmTUQPDi1CAvBOkFR3MoBmzwioZ2wOMe1yLS8kkG5FN1EAMiBKpSE8lDX6h8pSiyiXV5vpERo5JwKjJEKr4bkqagGiB7dFELCEcTUrq4HowAKJSNIqaG9CJAJVUkCublFQmGEVlLTGaRjFGjViFTcJDpQgQ0cQOSx5tLidBkgEDBExKliZg7rHksKmBeOnkBE8UuDkT6qiy+BNDXCsGmgBS2MUKDxl8TlZx07iiRjVen4/DesHbusHqRdjWI2RgmR4zXkZkiCRBNQs2EJiMKYm8YPI+HSKGS5kMhJc0kpTFDUN3oCwGzDZKXNJ5XNKAopwuwkR4ne3dUZ5NR02BbVEZCmdoeCGrakpSRDWaTRhJ4kmRPSBWrIUZKbJXGgXFIA7TChOuenFOVcQKEhaIKCdjQqgtXr454A/zUGBzeNAT9HJfiPcFAwO+Lm8Xr/eE4LrezQd94S2B/jCHFUGPPzzEA5u5xz/Eb/P5u9zcu70v6A2FWCDIfb19PT4vzPn8nT39XT5/N98E+/yBMO/x9frCQDQcwK0mKZ83JIj1eoOdW+DSs8nX4wsPudlmX9gPNEG4IPfwPk8w7Ovs7/EEeV9/sC8Q8gKNLiDr9/k3B4GLt9cLSgChzkDfUNDXvSXshk1hmHSzcNDT5e31BG9zcyAWAJWDHJc0gZRAg3sHxObQFk9PD9/kC4fCQa+nV6wV6HT7A71etjnQ7+/yhH0BP9/kBVU8m3q8hmygSmePx9fr5l2eXk+3UMdiIpYZ6thwMLGh2+v3Bj09bh7q83b6xABw9AW9nWFcCdgDEj0obmfAH/Ju64cJWGexcLPBLV5kAQp44F8nSobq+0FdQSccCIbzogz6Ql439wR9IWGRzcEAiCvsGdiMHtAPeArj+U15hY3E3HzvgFVit6lgl9fTAwRDQgyYYEVrwbu8+yJyRhe+bQa3kRoxjRq5041eayQBcOHuNASuMYdDOJYgsvDUMbKbfWCL49htpF5MH+DdcBIZqTc6JkMG1EQqUVSmiGQyntAw0uEITCnGmcc1KQnMYJeIIlwFuVJKwjYtL2ZRQDHrMMyoCdgyriZ0SCZcysKsmrjTPIZV85hCDbitgeBiJwdDflXWMnBKJcbk5EQTrFXFWYaSJNIxRU2ZqiN8Eb3DKhV0PorEo4rOFHW0iTOGFddll04L/ZOHK1MHMaMO4pdSBzG7DuKXWAex+XWQmeQjSEmzzowSBapdsLDLqZW4VSuxD0atxAw7vGe1EjMC9rJqJXYFayVm10r8EmslVlQXXEKtxM5XK/GF10qsoFYqDN+icgnOc0gSV6pcYma5xC+rXGJF4uJz45UumVha4ZddMrErWjIxs2Til14ysbklE7+UkomVLJn4xZRMLOwZ6N0aEGJ7tlxSdcRszS+nOmJWdcQvpzpihdURv6TqiJWsjvjlVEfCWYsCJV/4sPMWPvwiCh924cKHL6DwYVj4FNcO717Q6Nb6W7FoYE3w0XQ5fzPYjH27vfBuxt5ZFP9Xrwn/fzUDc8X/W3jhvzBsHk/sTTQnIFnta8rEM81mxryUv+X8X7Y8NsxlbmRzdHJlYW0KZW5kb2JqCjE4IDAgb2JqCjYwNjAKZW5kb2JqCjE2IDAgb2JqCjw8IC9UeXBlIC9Gb250Ci9TdWJ0eXBlIC9DSURGb250VHlwZTIKL0Jhc2VGb250IC9EZWphVnVTYW5zCi9DSURTeXN0ZW1JbmZvIDw8IC9SZWdpc3RyeSAoQWRvYmUpIC9PcmRlcmluZyAoSWRlbnRpdHkpIC9TdXBwbGVtZW50IDAgPj4KL0ZvbnREZXNjcmlwdG9yIDE0IDAgUgovQ0lEVG9HSURNYXAgL0lkZW50aXR5Ci9XIFswIFs1OTUgNjMxIDYzMSAzMzQgNjMxIDYzMSA2MzEgMzg5IDYwNyA2MzAgMzE1IDU4NyA2MjUgMjc2IDYxMCAzMzQgNjI5IDk2NiA2MzAgMjc2IDU0NSA2MzAgNDA4IDYzMCA2MDggNjI5IF0KXQo+PgplbmRvYmoKMTcgMCBvYmoKPDwgL0xlbmd0aCA1MzkgPj4Kc3RyZWFtCi9DSURJbml0IC9Qcm9jU2V0IGZpbmRyZXNvdXJjZSBiZWdpbgoxMiBkaWN0IGJlZ2luCmJlZ2luY21hcAovQ0lEU3lzdGVtSW5mbyA8PCAvUmVnaXN0cnkgKEFkb2JlKSAvT3JkZXJpbmcgKFVDUykgL1N1cHBsZW1lbnQgMCA+PiBkZWYKL0NNYXBOYW1lIC9BZG9iZS1JZGVudGl0eS1VQ1MgZGVmCi9DTWFwVHlwZSAyIGRlZgoxIGJlZ2luY29kZXNwYWNlcmFuZ2UKPDAwMDA+IDxGRkZGPgplbmRjb2Rlc3BhY2VyYW5nZQoyIGJlZ2luYmZyYW5nZQo8MDAwMD4gPDAwMDA+IDwwMDAwPgo8MDAwMT4gPDAwMTk+IFs8MDAzMT4gPDAwMzU+IDwwMDJGPiA8MDAzNz4gPDAwMzI+IDwwMDMwPiA8MDA3ND4gPDAwNkY+IDwwMDY0PiA8MDAyRT4gPDAwNzg+IDxGQjAxPiA8MDA2Qz4gPDAwNjU+IDwwMDNBPiA8MDA2OD4gPDAwNkQ+IDwwMDYyPiA8MDA2OT4gPDAwNjM+IDwwMDcwPiA8MDA3Mj4gPDAwNjc+IDwwMDYxPiA8MDA2RT4gXQplbmRiZnJhbmdlCmVuZGNtYXAKQ01hcE5hbWUgY3VycmVudGRpY3QgL0NNYXAgZGVmaW5lcmVzb3VyY2UgcG9wCmVuZAplbmQKZW5kc3RyZWFtCmVuZG9iago3IDAgb2JqCjw8IC9UeXBlIC9Gb250Ci9TdWJ0eXBlIC9UeXBlMAovQmFzZUZvbnQgL0RlamFWdVNhbnMKL0VuY29kaW5nIC9JZGVudGl0eS1ICi9EZXNjZW5kYW50Rm9udHMgWzE2IDAgUl0KL1RvVW5pY29kZSAxNyAwIFI+PgplbmRvYmoKMTkgMCBvYmoKPDwgL1R5cGUgL0ZvbnREZXNjcmlwdG9yCi9Gb250TmFtZSAvUVRBQUFBK0RlamFWdVNhbnNNb25vCi9GbGFncyA0IAovRm9udEJCb3ggWy01NTcuNjE3MTg3IC0zNzQuNTExNzE4IDcxNy43NzM0MzcgMTA0MS41MDM5MCBdCi9JdGFsaWNBbmdsZSAwIAovQXNjZW50IDkyOC4yMjI2NTYgCi9EZXNjZW50IC0yMzUuODM5ODQzIAovQ2FwSGVpZ2h0IDkyOC4yMjI2NTYgCi9TdGVtViA0My45NDUzMTI1IAovRm9udEZpbGUyIDIwIDAgUgo+PiBlbmRvYmoKMjAgMCBvYmoKPDwKL0xlbmd0aDEgMTI4MjggCi9MZW5ndGggMjMgMCBSCi9GaWx0ZXIgL0ZsYXRlRGVjb2RlCj4+CnN0cmVhbQp4nMVaC3RTVbre++QkxSrY0paOw+s0EQo2JNJSCihImqRtSpqUJC3l3dPkpAnkRR4tFRkGeShXGWRQRC56q9erLBzXzHJmpDgu1OGyHGVmsercLu+suTMo4NxRUWdcjqPQHu6/99l5lYou5951U06yzz7//v/v//7H3okijBAah76PVAg53cbq+4eDL8DMg3C1d4f6/PbQsiIYX0Rowu6AJPq8F211CN0cgrn5AZi48SD+V7h/Gu5vDYSTm8+v1x2H+1/B/cuhqFds96yyIlS0E+47w+LmGKpBsL4I9CEhIoalznc+2IVQMY9QRRnC/CB+CKkRUteoH0MIT1M+VW8jPzcRIe5GzQ2qcTzH8X9C2qtvoS+vcAjNAk2o1W/1oaVIuHpVUyqX4sMFYXyhE+Fz586Rp4hDAfkgH1A/DV4WIFRSXFE8o6K4IsCj4YRq8vB78sGCCV98GtfMRhj78DlVmNtB+MAVZRXYx90w8nduBziI8QaE+B38FlQGNzMrZ+q0BZryYl1xTdn8uvk1k8onlfM77li8pOn5VWvwiROGznU7zXcuqlP1GcrKQqFfj/yW7/x9j+kuXFR8KyAClnmLphTdgMYTS8VgqxbecU2ZDiP8Ng4PR3BYfhdPHxjgO4eN+/ap6jnz+yCKwrAyCihugxtmuBhQMEBlMJxXObOSDTPYuKe1tfOa71tQdxTfMrlh+ZRpR6dMszVPnvrssxXVc++y18xVfdyk0+LuoHxupJfbfumOhYuXvDeyjdv+lwV1mA75zs47helYS9C/dvUC3wHob0a3ZrkoKy2fVDOpbj5BVQcmS7gCjU4LWMoAh+ogNlt27bbCa/cui3nkYpXT3v1mMoFxoudNaVmLYWCAMw5FwuHI0FA4giMhrs+lr8L48BH5E/mDI0/oq9x7wSDY3nP1PN8E/t+MpoPttN3quvm1xO9qYKOoQFOpqZxZXFQ3nws82ASvB/eS971/3rply5YP3oe3LapziqVIeAisHnn0kHxBfvfgIYwPHcTT8dRDjwLTQ2BJA5aqwU7ZTEaqBuIM/yaVlYIV4l3tJGZ+ZmUl3M6smwmMAwzVb1qdy11bFy/BRsPx5vubGnp6B92r1wT969d5+ixm/Nk467/YmjG4emaV28Uv/JmhfBKedZtr2YyZ2gnfdTjveXbNejyx6NaT82+ZXD135bZqbsL05qbv969cUVRMshGSgXsPz6WZWlOsw+8PD+O58llg6KTcznsAdymJzoxMFhBqWEjwvFEh64WEbVkmvZlK4ETyTb/dgf+aG669I29oCve55lQ9/oT8ofzx4SMQmr/lRgvY2gF5OU79BK0Oks7FoLsO0hnM1RWT5Ob8+Cl5ndHQc/bds23tWB7CVeon5F/uG+nfens1PuB2/Zrr3IeXkBzvQHv5Pr4XaaBaa3EZrsUdfMWVcyqX6rUX5XXPyOuO48VE7hREaAZ4WgF+aiAeghL1CnC1PDdiJD51/IxmR+ty+cr+Awf2Y/XyFruzual57fNr1+L1a55f32I3LdSXluMjR3ApLj1ypGxS1WtLp03BsU1nz8Y2TZtyF7UHPk4Ge+XER1pzlXlNAOzyk0/gefNj262NeGBgrsedPNbu4V4caeZefLSxAa9e89zIfXzn0c7qubFNRGP/1at8oWY6ZDPCBCgQpmGEcduwcc7Kt9//N+gn8u/wOXxw65K7juCNG36p+vIhUglboAonQlHQOONiSIJajRJfQkIdgMEkBqw0SLxVqwYGjMtafL9OpFLJMz6HXS6ymHfvbLRaG3fuNltUg5z5y0t73VX6J47gSbj4yGFcNUe+6e0QhJjWSThC7O4C1nXAwgQ0D+zqwGa5Rsmjuto6BgKcqJ0HjNTUsu5QUJvukqQbnVz85HI3xksWhx7taOdOnLizY/W25/z+793z2d+5essP16/vXC2tX7PyAa+4ZEZxEVeD6xbG/HUL8MbgS7PtI9ufkQy3467Op17qEqfuWnLn5MnzBipLS/Cs2a5qWzNl5jzfAQgnU2bKKkie1xF8ZSRLeIUgEq2CNDq+Y/hC57ofd3SujwTFrtXylQMHHnroL0NbtwyoG5vv293WXsStW6U57pMwnjpl4XGSKRhIKsE3Ptm//4f//mS7p2PlP5PuJLv46ZC5Smdk9NcxKzgnPMR6eS0pXLulfvcuqxljs3XX7noL9905dofvzUQqmTjja1lmPHGCq8qNwMgDnqo5EJmJuOyJx6vmuPZ9+TmthAuQmetIZpZAJqRbYm5SnBqYP2/TvVbriRPV7vbY824PPkoS81BD45rVz3F9V5462jW3elMsneeVkFmklstooygjFa0jaVlL+htfOeibUYm3y9sGSB3jds9PNaWPzZrd7d03bFQN7nMMrFhB4iA38hNpr64FTaQ/a5SmQ4JRosnpoJSmWgI13boZQapVZsv2+xsamxr2bLOYB3BP73+3uDwucbnT8jCQpre3hE4nIZtPh5YtMw5wC8+GNsBOHTp7FigDzuQ/DN+7A08YP+VFY1k5Xr78J+O2rp9jhNg9jgtwARCoX7mfeIzkqfygHKbdFLZifvCKUQ63tsKTM8BFEd8FOzUqqSgjh4JaXHFBNWdkK7dj+BfcjpFH+K6jw/918JhqBnTlY/KnqpRmIiItmvlarpupFEOdKrV7aX390t39h2zNzbZDmokXz198709wfXTh3Xf+eOH8JVjEFamOcS+phygSYJx76Zh6aGSIqyIofYAlzHfSvliDcQ3W+V7BVtzwihz/CI4JHtWPrvSTvWENoKhkKGjNAZQC3XwlE/Ga/kebbRjbmh/t31W/FOOl9ZqJl85f+OO75y98+OcL5y9evHAeccr+wlcqZyaywxSzXWZ4mK+UB+WFdK/5jLCj/guaSc8jOpIcdXXzsymvlD0JJeyXBQWkV5SpoMlxPzqJhWmeVYtvmUQAhJ0dq8R1neuCL0XDuEK3tsNaUopPnzmD9x8WG8zulYvmVFV3LKjT3mp+ecHUKZ1if8tS8+r2+ttuW2yUP5XB4wPyu9yn2EhOj3CGUulK8OfDpw97sfGsvB1vy/RuyOkxenfxN+/dmtKRp5XmTU7OiB+EaNwEJ9iakhLyD+tUKt2Lp/off+rUi/Lln/z0hZ9AWHq5+pGTqj1X+jn/yGFYB2HmXwAkN5IoFkMUsQ4XFOsuncQX3pEbsfyu3LXnpKZ0eAselFeNNHD122W6++yBdW9AZoxat+cM1/vRyC+49s/kWw6fgWQJcIdGnhjey116emSA9OvTsC4F6woV39NnJd2MCnKOId1BB5Hd98EDrQ6HY69sxz+7vB1Iu/fyB2+qjSNnm227dzXbnsGx+O//GNs0chQ07iOeg8ZypAWNJMFKdCoScR3pEdVKwimW6kjVc1+0LJjvPvO7F1oWL/G+dgb3f77jXoydrpHBP+wHZpe17ONeK61b8IwcwH39txtG9qiHotG3Hlmznls18rFp6X3bodIJA2+AXQ1jgDQkdmp+Q7VYfh0vHD6FF8qvq4eOXdl27Bi/HeTbQb4P5G8i8hiTDgacFeva8QTMYR7f/Av588fkv0G5jYzjvrhcpa4c/khVcvl38KUDPQNrN1HWJqHZubxVqrKO6SqJt4TDgklKjldU4E2f/Ni+zNn67Ccf7jcvxUtND394Br90ces9eKn53gMeF961W74sN3BvjPxhyeK9+xvMmPPLSxbUfS9WMxc/4/X+fI+ztaTcH+g/0x0ArpPQ2ddAhSnn3SKlrIqLlAZfUsR2FI4dOveYLYcfM1ss5scOW8y/3bJ1WL57C966ZXh46xbufdz0g717fyAPyMcf3Lv3Adws3/3qq6+cxHvwfa/CC/j6J9g3m8FWDTvx6r7yxJs+VShH3nnM+mdrV69d95DLjRfMf2TDW52dO3cOBzds3BAP+AOH2tsW3bE/NLh2Pb5v1zttnevUT/1m0fRp9ZaYd16t9jvVgeDPh2KbcPmkOW83V+iw1XxP7I5FFbfA16gnX797c0kpdCRa49CR1KQXK1WuIj2JVvp4OP4qxa56XR4EX4wQv6cgfgUsVyAxjXxCnnNGroIUuTykph01AGfl7VDDpbRfcwW0GmpwaEmBwfZjbPBqjZaG1Q+HW42GRtl5Cttx4ykc6Dkwa7HIUVl52Gg4zTuGH1aFiD7/1Xq+jnVv0g36Tg5//Ip66Ev41kY7Blwva6fa199859/IF+9rX2QfgvMgJj2evWBNQVieCv48d7VNfo4fVHpPzssIcwH49uyDT6hMvAE+X4ArDNdrcO2Bawjm34fPk3DtgKsDrlPs6odrC1y72OeenGdbFJ3oDKw/xg9yRTAGO3gN0/cZfB5gskTuElt/Gq59cL0BVztcz8CVgusBJs8wIz/gL0M6+LPB+Cj6E56MN+Be/AL+T3yJu5Vr4TZyz3JfqGpVm1SHVC/zxfw0vpZv5338Zv4w/zz/VzWnrlI3qr3qbeqj6ovqYc13Nes0D2suaC4XjC+oLTBTtoxoPokJi8Lo1yQ8ITO/Hr3KxhgV4Xo25hCP17KxCuZ3sjEP4+NsrEY34fNsrEETuWAsPA4Vc0vZ+EY0lfsBG4+/4UDZf7AxnKWnvwWaMQ+5jU5SK2SMkYAFNubQOOxmYxXMd7ExD+NH2FiNvoN/xcYaNAV/wsbjkJabwsY3okWci43Hl8zkfsTGE1BgegCZURTFUB+KoyDqRgGURAKahbzQAwX4Jnw7/NXAqAskBFQPMkmUgCuOJCSiMNLDrA1FQN4AIxMKwZ+AXBldCXonwacEa3rg3QeShcgCow2goR2lQMILsiJo6aaSAoyJfgG0ROA9BjJdoDcIcgKsj4JdkT4rRMgcjfXFg92BpDDLO1uovv32GqGrT6gPJhPJuCSG9YIt4jUIplBIcBGphOCSElK8R/IZCi3SBrE9JXgDYqRbSghiXBKCESGW6goFvYIvGhaDETCQj9RNcRKMLYAjAhdiatxiJCG0RCMwUw/TUbQRBtHoxm+l4VssaacMJ4CXKGWtGniugeihdimeCEYjQrWh5vZ8zWm9o7QSpWPB8FMxJaZJFv80EH80AtwmgXFE456EqC2CKjRCvBQdPaDDAGuj8BmHSEpUX5zG3AB6JViDAslkbJHR6AOlPSlDIpqKeyV/NN4tGSISPG7IQZDOkXSuXpub5BnJO4nmrwQZFEW9IEsy9X8n/0gmF45pWYmGCKNczNfWWiGa8w/8Eev/H/U7NttZn4OMRYE+F2kOhCmrG2EuCpH/OizEs1aqL0y1ZfNa0R2gzyTmVze1EqFZ6aN6/PSplLGmRFjJNj3FFaUII3R9jNWOYiEKWpMswkGaFYovXsZ0WmeSosivCxGkvDRDYkx7WgORVrArmSTR0lMyWJuTJVoaObLWRz8TFJcX1ojMPyUHvZCVYaolSZ+k+fHDKMTyeFYGY9YCaScEfxJqQclzYjHLCZmJwXsUrKQoziwaH/UgSXOtC54m6dO0ja+2oGe15AVkKapF4aSX5kCA9oQkYyZM53I9SuuP52WlgjZFOdTnRIeMwzSe6Vhn6zcBq/Vf4Yc+46eR9iWBalbqQdEdZKzmR//6XqeZU9DGMhmdHJV1WY96KR/hb2QhXQ1+2lMjzEMpx6KPvhMbevpJmNgAEl6qT5HJzeMQ65LpCHmpbR9FHGRIF9Hq9LBVImiM0s6QjUFuL8oycG0nIJtOklVDIk82XStZxnJ7QO46gfosskh1Zfp2OtcUNpROLl4nnlG6Bwks9mH6me0f3yQWSfA8Rvc1kXlkyGPqemsJJ30Z/GFafUFay+mORrAnWddTZhSkhFNfTsxzsy69fxErCl8p0CLSdWmPfBQpiVckh41ukCPeBNhcPKeHijR7lNxN2xjNT+Jrfcrtcb68DBNpjMZCcH0k+fZG8zIWRj2Le4iuC16nq8dZB5IovnCe3vRMIpOZ6boZvYtIrN9JeRHopV756HrtGPuiNuP36BVEPr3ranOyTakd+6h9povWfTQHa4rVQzoSPfA0OAZjEtpMeY6wio7Bn7KLibSzSpkVufFXMF+/YgK00wv0M8EwSjSjvjwaFO/G6uHkaYpK5TM8FqtCDnO5Mfy2NZug3TO9Z2erLl1R5AQRypxB4mxFvsYYzeiN8N7NIqbsixHK7ejzx/9Fx/pqr7pYjSTZvujPMNWErNSOEzngjthxwp0HrYDzpIs+s8GcAOc5FzxphzsLzFpoXEz0CXmupdW4AsZEoxO1UV2KDhe8E90rYYboFug9uVsG8g7QRdZaUQe1YQVtbirporpbYNYOn1YmR1aYYaYN7sm4EZHTqGLPAas8tHbIOoJFQeqB+azVfFQ2ajGNrAXuXKC/iT01gW4b1Ufw6ylTZOzI4GxgSE2UI6KZ6DQDIju9I7Nt8NkKcm7Kp4n6rKB1UB8a4Lnii5UiUCKhIDLDZyvYJhKNgMtDURBLHiappx4Sfyx0PbG6jM4qyJwsymSc1WJgXCo4CP/tGctu6r8d/gTqvwdmPDQ2JtCf1pvOnUaqoSWTR23UPxPlwUkt1NNnhEXCpz0j6cqJipnyReJGkFuoJRNlxD2mJ2lt+dEZKzvSFhqwa1bKlJ1Ku4FHK8jbMjNKPtqor2bGraJTyXslJ+w57JqpjySyy8GqleWUiXKX74VSIQR/1gslAib2bs7hLBt9B4uuORNrJ82ya1lZQWvRSqVMNNbuDAsNtH5bGPK2nAxLx7GN5aczgyyf33QdpeW+Se9QdKVt50fQQvPJzhC6M2x8vV6ld1lhX/PS7zvJTN/O37lzT4/ZU2nu+VOf02tzTwJKF26ksuFRctlZpT8re1b2O0/uGW6snSv9LVk502dPv+nTh9K7le9GuadfHz2nK2fBROZUouwf0czJpJc+ze7pyrfBMJXI/b6XoHYVz1JsxWhdyvlSpKcFYi0xBpvX26FGf0OM0f1esdJLx0l2MiH+pZgsmb971Lfi+KhvVV8Xg7QvX8d/nMY7xr5TBSnD5DxpYHrjKP39LMsJYUD59Ss8KurZ7CPaFqHR51DCQXcOch+LuPJLGrFZiFAD/TGO/J5JfhPN/BYqzEpIktAlhaK9sw3CN/j101BYmF3cLsVFQdGc+c21cM51X4WF3/7XWWGU5SBAFJJx0SeFxfhGIeofraWwsFWKh4MJ+lsnSAekuAS2uuNiJCn59II/Ds7DMnA43i3phWRUECN9QkyKJ2BBtCsJDgcj3WDFC6CJZDIgsd81Ra83Go6BOBFIBkA7kCRFEkCwllKinQ3KfIKYSES9QRHsAYPeVFiKJMUkweMPhoDjWUQjXSC4o/5kL3CunU2RxKVYPOpLeSWqxhcEx4JdqaREMeQt0EOUvKGUjyDpDSYD0VQSwISDzBCRjytUgtpUAuSJO3ohLFGvaXwTAX2ODT2xaYzGhYQEcQDpIEBl7o8yTcCB2hghOsmoo4Z6A9HwtQtIGPypeAQMSnShLyokonohkeraIHmTZEbhOAQpSRzyRiO+IPEjsaiw0AOPxK5oj0Q9ULKIAsgkQSSahDAklFkSlVg2A5RnQiIgglNdEmMNYECSi3l+RiOQF3EhHI1LY7otJPtikl8EQwYFVP7TsNhH9IejvqA/SBJNDCUh9WAASkWfj3quUEfqS4wDrlRIjFNDPikR7I5QGN2hvlggQRaRDBW9oCRBVqTxJEZbUjLOpxAmhnIUjFLC1qWxZDUCxEioTwjmpTq4FJfI/6tLZckgQcgksUmXiAR5JykO9EbjvoSgzdSilthOPxC0pHS1lDaIjp3VTJcE1US0piAOxImeaDADTNqchKoRxFgMSkzsCknkgeI/aB4VmICYFAJiAjRKkXxewFw2w31CKuJjgLX5fUWreHi9yCaiIVLZNHQkUKIQIh0E6iUtGBO9G8VucAxqMRLN9I9vnlh5pqBpAUQp5CegmqxCg9PhEdzOBs8Kk8sq2NxCq8vZbrNYLYLW5IZ7rV5YYfM0Ods8Aki4TA7PSsHZIJgcK4VlNodFL1g7Wl1Wt1twugRbS6vdZoU5m8Nsb7PYHI1CPaxzOD2C3dZi84BSj5MuZapsVjdR1mJ1mZvg1lRvs9s8K/VCg83jIDobQKlJaDW5PDZzm93kElrbXK1OtxV0WECtw+ZocIEVa4sVnABFZmfrSpetscmjh0UemNQLHwaJYm0xuZbpCUInuOwSqIgBUIIOwdpOFrubTHa7UG/zuD0uq6mFyBJ2Gh3OFsJRm8Ni8ticDqHeCq6Y6u1WBRu4YrabbC16wWJqMTVa3VkjRIy5k6WDLGi0Oqwuk10vuFutZhsZAI82l9XsoZLAPTBhp3DNTofburwNJkAubQIC0mSlJsABE/wzU2TUfQe4S/R4nC5PBsoKm9uqF0wum5tAaHA5AS6JJ6wgPrYBnyR4DoaXxIjMXZsdIEVWMwctVpMdFLoJjGtkIbusm71SLElymxW30h5pK1X6p55mrdIEIIUbI1C4yhwdQj5DZdGdR+lw2eIiW7KetV/SPiC7YTdS2q+vR4IumCCtBOojSppJbzBBKx22wXCU7XsJMQTGYFVGCvqlGIJliQzM/IJKb4ixeBCW9MaDSWgmgpiC2XjwbrYVx9lWNdoDYmU0/riUiMFOFeyRQn0GkI2T/YwiCUb80XiYuU7p8yYXpXtoUuimyn3geDTebRAK/5H/Kmqkp+CNcBnpydFHf48z0N9GYzCX/zvf9f8bqrE3uDFoDEI73GyIBWJG1pPJ/5LwP6Cl6W9lbmRzdHJlYW0KZW5kb2JqCjIzIDAgb2JqCjY1MzcKZW5kb2JqCjIxIDAgb2JqCjw8IC9UeXBlIC9Gb250Ci9TdWJ0eXBlIC9DSURGb250VHlwZTIKL0Jhc2VGb250IC9EZWphVnVTYW5zTW9ubwovQ0lEU3lzdGVtSW5mbyA8PCAvUmVnaXN0cnkgKEFkb2JlKSAvT3JkZXJpbmcgKElkZW50aXR5KSAvU3VwcGxlbWVudCAwID4+Ci9Gb250RGVzY3JpcHRvciAxOSAwIFIKL0NJRFRvR0lETWFwIC9JZGVudGl0eQovRFcgNTk3ID4+CmVuZG9iagoyMiAwIG9iago8PCAvTGVuZ3RoIDY4NiA+PgpzdHJlYW0KL0NJREluaXQgL1Byb2NTZXQgZmluZHJlc291cmNlIGJlZ2luCjEyIGRpY3QgYmVnaW4KYmVnaW5jbWFwCi9DSURTeXN0ZW1JbmZvIDw8IC9SZWdpc3RyeSAoQWRvYmUpIC9PcmRlcmluZyAoVUNTKSAvU3VwcGxlbWVudCAwID4+IGRlZgovQ01hcE5hbWUgL0Fkb2JlLUlkZW50aXR5LVVDUyBkZWYKL0NNYXBUeXBlIDIgZGVmCjEgYmVnaW5jb2Rlc3BhY2VyYW5nZQo8MDAwMD4gPEZGRkY+CmVuZGNvZGVzcGFjZXJhbmdlCjIgYmVnaW5iZnJhbmdlCjwwMDAwPiA8MDAwMD4gPDAwMDA+CjwwMDAxPiA8MDAyRT4gWzwwMDJEPiA8MDAyMD4gPDAwNzI+IDwwMDY5PiA8MDA2RD4gPDAwNjI+IDwwMDZGPiA8MDA3Mz4gPDAwMkU+IDwwMDcwPiA8MDA3ND4gPDAwM0U+IDwwMDYzPiA8MDA2RT4gPDAwNkM+IDwwMDY0PiA8MDA2MT4gPDAwNjU+IDwwMDcxPiA8MDA3NT4gPDAwNjY+IDwwMDY3PiA8MDA1Rj4gPDAwN0E+IDwwMDI4PiA8MDAyNz4gPDAwNzY+IDwwMDI5PiA8MDAzQT4gPDAwM0Y+IDwwMDJDPiA8MDA2OD4gPDAwNzc+IDwwMDZCPiA8MDA0Qj4gPDAwNTA+IDwwMDUyPiA8MDA0OT4gPDAwNEQ+IDwwMDQyPiA8MDA0Rj4gPDAwNTM+IDwwMDNCPiA8MDA1ND4gPDAwNzk+IDwwMDJGPiBdCmVuZGJmcmFuZ2UKZW5kY21hcApDTWFwTmFtZSBjdXJyZW50ZGljdCAvQ01hcCBkZWZpbmVyZXNvdXJjZSBwb3AKZW5kCmVuZAplbmRzdHJlYW0KZW5kb2JqCjggMCBvYmoKPDwgL1R5cGUgL0ZvbnQKL1N1YnR5cGUgL1R5cGUwCi9CYXNlRm9udCAvRGVqYVZ1U2Fuc01vbm8KL0VuY29kaW5nIC9JZGVudGl0eS1ICi9EZXNjZW5kYW50Rm9udHMgWzIxIDAgUl0KL1RvVW5pY29kZSAyMiAwIFI+PgplbmRvYmoKMyAwIG9iago8PAovVHlwZSAvUGFnZXMKL0tpZHMgClsKNiAwIFIKXQovQ291bnQgMQovUHJvY1NldCBbL1BERiAvVGV4dCAvSW1hZ2VCIC9JbWFnZUNdCj4+CmVuZG9iagp4cmVmCjAgMjQKMDAwMDAwMDAwMCA2NTUzNSBmIAowMDAwMDAwMDA5IDAwMDAwIG4gCjAwMDAwMDAxODEgMDAwMDAgbiAKMDAwMDAxOTE1MiAwMDAwMCBuIAowMDAwMDAwMjMwIDAwMDAwIG4gCjAwMDAwMDAzMjUgMDAwMDAgbiAKMDAwMDAwMDY3OCAwMDAwMCBuIAowMDAwMDExMDE1IDAwMDAwIG4gCjAwMDAwMTkwMTIgMDAwMDAgbiAKMDAwMDAwMDM2MiAwMDAwMCBuIAowMDAwMDAxMDA3IDAwMDAwIG4gCjAwMDAwMDM2NTggMDAwMDAgbiAKMDAwMDAwMDc5OSAwMDAwMCBuIAowMDAwMDAwOTg3IDAwMDAwIG4gCjAwMDAwMDM2NzkgMDAwMDAgbiAKMDAwMDAwMzkzOSAwMDAwMCBuIAowMDAwMDEwMTExIDAwMDAwIG4gCjAwMDAwMTA0MjUgMDAwMDAgbiAKMDAwMDAxMDA5MCAwMDAwMCBuIAowMDAwMDExMTUxIDAwMDAwIG4gCjAwMDAwMTE0MTUgMDAwMDAgbiAKMDAwMDAxODA2NCAwMDAwMCBuIAowMDAwMDE4Mjc1IDAwMDAwIG4gCjAwMDAwMTgwNDMgMDAwMDAgbiAKdHJhaWxlcgo8PAovU2l6ZSAyNAovSW5mbyAxIDAgUgovUm9vdCAyIDAgUgo+PgpzdGFydHhyZWYKMTkyNTAKJSVFT0YK', 'miao'),
(3, 187, 'Gaiba Gian Luca', 'Via San Donato In Bocca al Cavallo', 40056, 'BO', 'Granaruotolo delle Milia', '', '2013-01-23 15:53:00', 1, 1, '', '', '123456'),
(4, 178, 'Caragnulo Barbara', 'Via di Qua, 17', 40100, 'BO', 'Bologna', '', '2013-01-25 00:24:00', 1, 0, 'fattura_fornitore_5_05_12_2006.pdf', '', '');

-- --------------------------------------------------------

--
-- Struttura della tabella 'amministrazioni'
--

CREATE TABLE IF NOT EXISTS amministrazioni (
  id_amministrazione int(10) NOT NULL AUTO_INCREMENT,
  nome varchar(50) COLLATE utf8_unicode_ci NOT NULL,
  indirizzo varchar(100) COLLATE utf8_unicode_ci NOT NULL,
  cap int(5) NOT NULL,
  provincia varchar(2) COLLATE utf8_unicode_ci NOT NULL,
  citta varchar(50) COLLATE utf8_unicode_ci NOT NULL,
  email varchar(50) COLLATE utf8_unicode_ci NOT NULL,
  telefono varchar(50) COLLATE utf8_unicode_ci NOT NULL,
  sigla varchar(3) COLLATE utf8_unicode_ci NOT NULL,
  PRIMARY KEY (id_amministrazione)
) ENGINE=InnoDB  DEFAULT CHARSET=utf8 COLLATE=utf8_unicode_ci;

--
-- Dump dei dati per la tabella 'amministrazioni'
--

INSERT INTO amministrazioni VALUES
(1, 'Regione Emilia Romagna', 'Via Aldo Moro, 38', 40139, 'BO', 'Bologna', 'f.monti@webappls.com', '2147483647', 'RER'),
(2, 'Provincia di Bologna', '', 0, '', '', '', '', 'BO'),
(3, 'Provincia di Ravenna', '', 0, '', '', '', '', 'RA');

-- --------------------------------------------------------

--
-- Struttura della tabella 'corsi'
--

CREATE TABLE IF NOT EXISTS corsi (
  id_corso int(10) NOT NULL AUTO_INCREMENT,
  id_organismo int(10) NOT NULL,
  id_amministrazione int(10) NOT NULL,
  rifpa varchar(20) COLLATE utf8_unicode_ci NOT NULL,
  nome varchar(100) COLLATE utf8_unicode_ci NOT NULL,
  nr_ore int(5) NOT NULL,
  data_inizio date NOT NULL,
  data_fine datetime NOT NULL,
  importo decimal(13,6) NOT NULL,
  attivo int(1) NOT NULL DEFAULT '0',
  PRIMARY KEY (id_corso),
  KEY id_organismo (id_organismo),
  KEY id_amministrazione (id_amministrazione)
) ENGINE=InnoDB  DEFAULT CHARSET=utf8 COLLATE=utf8_unicode_ci;

--
-- Dump dei dati per la tabella 'corsi'
--

INSERT INTO corsi VALUES
(50, 2, 2, '2012-45/bo', 'aaàèéìòù<i>scollo<oooo>>\\n \\\\n \\\\\\n \\\\\\\\n&apos;nscrozza ah aha', 568, '2013-01-03', '2013-08-14 00:00:00', 30000.000000, 1),
(54, 3, 3, 'l''altro giorno quale', 'transpadano 2156 soccinaz', 222, '2010-10-11', '2010-07-08 00:05:00', 1212112.980000, 1),
(63, 1, 3, '2012-456/rer', '<b>grassetto</b>', 111, '2010-10-11', '2010-07-08 00:00:00', 1212112.980000, 1),
(72, 1, 2, 'saponetta', 'palmolivetta', 200, '2010-10-11', '2010-07-08 00:00:00', 1212112.980000, 1),
(76, 2, 1, '1221', 'titolaf ford prefect a', 345, '2012-05-30', '2013-03-04 00:00:00', 145666.440000, 1),
(81, 1, 1, 'salame', 'di gatto', 111, '2010-10-11', '2010-07-08 00:00:00', 56345.870000, 1),
(85, 1, 1, '2012-698/RER', 'fare e disfare', 345, '2012-05-30', '2013-03-04 00:00:00', 2500.560000, 0),
(86, 2, 2, '2011-588/BO', 'disfare e fare', 855, '2012-12-12', '2013-05-09 00:00:00', 145666.440000, 1),
(90, 3, 3, '2011-877/RA', 'vacanze ben organizzate', 111, '2011-10-11', '2012-07-08 00:00:00', 1212112.980000, 1),
(94, 1, 3, '1221', 'titola', 345, '2012-05-30', '2013-03-04 00:00:00', 145666.440000, 0),
(95, 1, 1, '1221', 'titolazzo', 345, '2012-12-12', '2012-05-09 00:00:00', 145666.440000, 1),
(99, 1, 1, 'sdadas', 'sadasdas', 111, '2010-10-11', '2010-07-08 00:00:00', 1212112.980000, 0),
(103, 1, 1, '1221', 'titola', 345, '2012-05-30', '2013-03-04 00:00:00', 145666.440000, 0),
(104, 1, 1, '1221', 'titola', 345, '2012-12-12', '2012-05-09 00:00:00', 145666.440000, 1),
(108, 1, 2, '1200', 'sadasdas', 111, '2010-10-11', '2010-07-08 00:00:00', 1212112.980000, 0),
(111, 1, 1, '258', 'questo corsono', 1236, '2010-10-12', '2010-08-27 00:00:00', 1256.320000, 0),
(112, 1, 1, '1221', 'titola', 345, '2012-05-30', '2013-03-04 00:00:00', 145666.440000, 0),
(113, 1, 1, '1221', 'titola', 345, '2012-12-12', '2012-05-09 00:00:00', 145666.440000, 0),
(114, 1, 1, '257', 'questo corso', 1236, '2010-10-12', '2010-08-27 00:00:00', 1256.320000, 1),
(116, 1, 1, '25', 'questo corsacchioneaaa', 1236, '2010-10-12', '2010-08-27 00:00:00', 1256.320000, 1),
(117, 2, 3, 'sdadas', 'corso 117', 111, '2010-10-11', '2010-07-08 00:00:00', 1212112.980000, 1),
(120, 1, 1, '258', 'questo corsonomo', 1236, '2010-10-12', '2010-08-27 00:00:00', 1256.320000, 0),
(121, 1, 1, '1221', 'titola44', 345, '2012-05-30', '2013-03-04 00:00:00', 145666.440000, 0),
(122, 1, 1, '1221', 'titola', 345, '2012-12-12', '2012-05-09 00:00:00', 145666.440000, 0),
(123, 1, 1, '257', 'questo corso', 1236, '2010-10-12', '2010-08-27 00:00:00', 1256.320000, 0),
(124, 1, 1, '257', 'questo corso', 1236, '2010-10-12', '2010-08-27 00:00:00', 1256.320000, 0),
(125, 1, 1, '25', 'questo corsacchioneaaa', 1236, '2010-10-12', '2010-08-27 00:00:00', 1256.320000, 0),
(126, 1, 2, 'qqq', 'sadasdas', 111, '2010-10-11', '2010-07-08 00:00:00', 1212112.980000, 0),
(130, 1, 1, '1221', 'titola', 345, '2012-05-30', '2013-03-04 00:00:00', 145666.440000, 0),
(131, 1, 1, '1221', 'titola', 345, '2012-12-12', '2012-05-09 00:00:00', 145666.440000, 1),
(135, 1, 1, 'sdadas', 'sadasdas', 111, '2010-10-11', '2010-07-08 00:00:00', 1212112.980000, 0),
(139, 1, 1, '1221', 'titola', 345, '2012-05-30', '2013-03-04 00:00:00', 145666.440000, 0),
(167, 2, 3, 'CIAO', '', 0, '0000-00-00', '0000-00-00 00:00:00', 0.000000, 0),
(174, 1, 3, 'GGGG', 'roaldo', 0, '0000-00-00', '0000-00-00 00:00:00', 0.000000, 0),
(176, 2, 3, 'llll', '2121', 0, '0000-00-00', '0000-00-00 00:00:00', 0.000000, 0),
(177, 1, 3, '2569', 'atupertu', 2500, '2012-10-23', '0000-00-00 00:00:00', 2569.450000, 1),
(178, 1, 3, '89000', 'ciao mare', 0, '0000-00-00', '0000-00-00 00:00:00', 2000.000000, 0),
(181, 1, 3, '2012-1452/RA', 'salumiere provetto', 452, '2013-01-01', '2013-12-31 23:59:00', 1452.550000, 1),
(187, 2, 2, '2012-100/BO', 'carrozzaio selvaggio', 0, '2013-01-24', '2013-07-17 01:08:00', 125000.000000, 0),
(195, 2, 3, '2011-895/RA', 'taglio e cucito', 125, '2012-10-20', '2012-12-21 23:45:00', 987456.450000, 1),
(196, 2, 3, '2011-325/RA', 'vattelaapescartela nel fosso', 555, '2013-01-25', '2013-06-11 04:06:00', 89000.900000, 0);

-- --------------------------------------------------------

--
-- Struttura della tabella 'organismi'
--

CREATE TABLE IF NOT EXISTS organismi (
  id_organismo int(10) NOT NULL AUTO_INCREMENT,
  nome varchar(50) COLLATE utf8_unicode_ci NOT NULL,
  indirizzo varchar(100) COLLATE utf8_unicode_ci NOT NULL,
  cap int(5) NOT NULL,
  provincia varchar(2) COLLATE utf8_unicode_ci NOT NULL,
  citta varchar(50) COLLATE utf8_unicode_ci NOT NULL,
  email varchar(50) COLLATE utf8_unicode_ci NOT NULL,
  telefono varchar(50) COLLATE utf8_unicode_ci NOT NULL,
  PRIMARY KEY (id_organismo)
) ENGINE=InnoDB  DEFAULT CHARSET=utf8 COLLATE=utf8_unicode_ci;

--
-- Dump dei dati per la tabella 'organismi'
--

INSERT INTO organismi VALUES
(1, 'FormArt', 'via della provola', 40100, 'bo', 'bologna', 'questa@qua.com', '051547156'),
(2, 'ENAIP', 'via da qua', 40100, 'bo', 'bologna', '', ''),
(3, 'WebAppls SpA', 'Via della Liberazione 6/C', 40128, 'BO', 'Bologna', 'info@webappls.com', '0514151811');

/*!40101 SET CHARACTER_SET_CLIENT=@OLD_CHARACTER_SET_CLIENT */;
/*!40101 SET CHARACTER_SET_RESULTS=@OLD_CHARACTER_SET_RESULTS */;
/*!40101 SET COLLATION_CONNECTION=@OLD_COLLATION_CONNECTION */;
